{
  "__comment": "Instructions: https://blakesmods.com/docs/cucumber/tags-config",
  "forge:dusts/niter": "null",
  "forge:gems/ruby": "null",
  "forge:ingots/aluminum": "tfmg:aluminum_ingot",
  "forge:ingots/brass": "create:brass_ingot",
  "forge:ingots/tungsten": "null",
  "forge:gems/apatite": "null",
  "forge:ingots/invar": "null",
  "forge:ingots/bronze": "mekanism:ingot_bronze",
  "forge:gems/sapphire": "iceandfire:sapphire_gem",
  "forge:ingots/iridium": "null",
  "forge:ingots/chrome": "null",
  "forge:gems/peridot": "null",
  "forge:ingots/zinc": "create:zinc_ingot",
  "forge:ingots/titanium": "null",
  "forge:ingots/lead": "tfmg:lead_ingot",
  "forge:dusts/saltpeter": "null",
  "forge:dusts/sulfur": "mekanism:dust_sulfur",
  "forge:ingots/electrum": "createaddition:electrum_ingot",
  "forge:ingots/silver": "iceandfire:silver_ingot",
  "forge:ingots/steel": "tfmg:steel_ingot",
  "forge:ingots/mithril": "null",
  "forge:ingots/platinum": "null",
  "forge:silicon": "null",
  "forge:ingots/graphite": "null",
  "forge:rubber": "null",
  "forge:ingots/constantan": "null",
  "forge:ingots/uranium": "mekanism:ingot_uranium",
  "forge:ingots/tin": "mekanism:ingot_tin",
  "forge:ingots/nickel": "tfmg:nickel_ingot"
}